date,csi,z_hhi,z_cr_10,z_entropy_concentration,hhi,cr_10,entropy_concentration
2001-12-31,-0.356885221834269,-0.5605684847746553,0.3596381463393551,-0.8697253270675067,0.0102810784527338,0.2527987763089178,0.1467468819109099
2002-01-31,-0.5365881096790758,-0.7586016917418282,0.1725083614308354,-1.0236709987262347,0.0100898439410778,0.2509205079027698,0.1444732281382356
2002-02-28,-0.5102327879825729,-0.6856191057471577,0.11591468300458166,-0.9609939412051426,0.0101349608221018,0.2503757880119936,0.1447605110056733
2002-03-28,-0.8386818956526589,-1.0329996601902962,-0.23466858669542995,-1.2483774400722505,0.0098071156179193,0.2468879795808197,0.1407315720707418
2002-04-30,-1.511043622888083,-1.6013717290591125,-1.3257098723554561,-1.6060492672496802,0.009230591262756,0.2356812774701538,0.135239049587207
2002-05-31,-1.5882263685520688,-1.5819916305275474,-1.679992786569524,-1.5026946885591355,0.0091541436925843,0.2309809264044914,0.1353542354594727
2002-06-28,-1.1007005666732728,-1.1037544790627414,-0.9593679215147576,-1.2389792994423197,0.0095449942971899,0.2379789671597972,0.1379043151111462
2002-07-31,-0.8212634181169728,-0.7881278738798311,-0.78552529684614,-0.8901370836249473,0.0098107998411622,0.2395297860065645,0.1419076666384939
2002-08-30,-0.923622109647813,-0.8846077275693958,-0.944725856430946,-0.9415327449430974,0.0097012070994243,0.2376280407820608,0.1409113413514846
2002-09-30,-0.9435684245673794,-1.0056845334362994,-0.8779022824024811,-0.9471184578633577,0.0095641210544213,0.2380551816506016,0.1404905191281684
2002-10-31,-0.4852413357616813,-0.5273938360857394,-0.43494166432458625,-0.49338850687471825,0.0099833579997887,0.242429139022712,0.1459863034366649
2002-11-29,-0.6069676749302343,-0.684697265557093,-0.39235745883241996,-0.7438483004011897,0.0098310731611317,0.2427873642558247,0.1427192399658837
2002-12-31,-0.923179059545018,-0.8930943365591315,-1.0006078342829474,-0.8758350077929749,0.0096276753631011,0.236542164127891,0.1408470126689927
2003-01-31,-0.9333531121313096,-1.015283505747824,-0.8631821043389064,-0.9215937263071984,0.0094951089667214,0.2376833593100916,0.1400041954081703
2003-02-28,-0.783591402772054,-0.83419002509933,-0.7132358817413399,-0.803348301475492,0.0096371235795499,0.2390071728327664,0.1412166610762095
2003-03-31,-0.2896958296663398,-0.437238334143598,0.15767232388822958,-0.5895214787436509,0.0099780372872615,0.2474811548929009,0.1436635583430831
2003-04-30,0.05336805164451667,-0.11449801949471246,0.6991288439698078,-0.4245266695415453,0.0102557235870451,0.2527963714079319,0.1455554210253594
2003-05-30,-0.9624412522166419,-0.9564316517294915,-0.932118062323587,-0.9987740425968472,0.0095176064049603,0.2370586542635827,0.1384843400546904
2003-06-30,-0.8322186696190174,-0.7982416602322951,-0.8266522530081674,-0.8717620956165896,0.0096388825578662,0.2378995791448074,0.1397610362352067
2003-07-31,-0.7238022375608196,-0.7990663216888608,-0.4555132856557917,-0.9168271053378063,0.0096249462929334,0.2413536303566532,0.1389927143017296
2003-08-29,-1.0381754262867744,-1.0928934725763517,-0.779382077738838,-1.2422507285451336,0.0093525687962335,0.2381788533126784,0.134727073991409
2003-09-30,-0.5659264250040249,-0.6289958533431697,-0.09501349707078154,-0.9737699245981236,0.0097373777618264,0.2445603182880662,0.1376449032879482
2003-10-31,-1.0730940783348322,-1.1401208616948755,-0.8327360297419711,-1.2464253435676496,0.0092821148105927,0.237603726199816,0.1339920322666093
2003-11-28,-1.3111013010508143,-1.3513484833579963,-1.1613882084603613,-1.4205672113340857,0.0090674318238147,0.2343006513545626,0.1313440851271818
2003-12-31,-1.4458016805755811,-1.458763630837731,-1.451548060456507,-1.4270933504325058,0.0089327799574827,0.2311588124472191,0.1306899190465392
2004-01-30,-1.3103856281734327,-1.3456395178948475,-1.196300759057039,-1.389216607568412,0.0089954574391445,0.2332581185111598,0.1306176081695924
2004-02-27,-1.511331122060245,-1.498120717246435,-1.5563835360574627,-1.4794891128768377,0.0088175118742956,0.2293380136662505,0.1288900685385718
2004-03-31,-1.6452098251269895,-1.5941828643759606,-1.7596978443905806,-1.5817487666144272,0.0086804453810707,0.2266687750195713,0.1268925401382936
2004-04-30,-1.3850824644713409,-1.272492790071796,-1.5598932865939261,-1.3228613167482999,0.0089395086335415,0.2280868430814532,0.1297109746353413
2004-05-28,-1.29065288634182,-1.272913738609051,-1.2672986109012738,-1.3317463095151354,0.008909409595637,0.2306666459855618,0.1291310065752412
2004-06-30,-1.3956531187837458,-1.3125085778392929,-1.4641132687716363,-1.410337509740308,0.0088418632400515,0.2282538703599762,0.1275900035829829
2004-07-30,-1.1200534611853536,-1.0384680670665318,-1.1370465585301976,-1.184645757959331,0.0090746983316422,0.2313086582479637,0.1301776322130208
2004-08-31,-1.1277704901555403,-1.0482585979747638,-1.1992066359781646,-1.1358462365136932,0.0090471298627944,0.2304047986419034,0.1305013632034336
2004-09-30,-1.3944532912307004,-1.2644487748232967,-1.5486480714723634,-1.3702630273964411,0.0088208558694184,0.2263548935051879,0.1269553579251123
2004-10-29,-1.4208980437798309,-1.2746056590495969,-1.5976912013694822,-1.390397270920414,0.0087837406054953,0.2253162366141083,0.1262033702676523
2004-11-30,-1.7139399799854578,-1.5231133904878527,-2.048317920669961,-1.5703886287985591,0.008510736074126,0.219581570135471,0.1231555248911686
2004-12-31,-1.8542482484374474,-1.6574598924267607,-2.244189727347688,-1.6610951255378938,0.0083327355530856,0.2161391986408067,0.1211858102870875
2005-01-31,-1.6525396892215198,-1.4888269478142755,-1.9177067280728302,-1.551085391777454,0.0084546159100148,0.21890654204822,0.1220707477657025
2005-02-28,-1.5363003879725385,-1.3402965563116473,-1.7623841631170187,-1.5062204444889498,0.0085677679598459,0.2199747315633193,0.1221157161942239
2005-03-31,-1.6773918145573472,-1.4462279981961577,-2.004466926303998,-1.5814805191718861,0.0084286076360851,0.2161526861588016,0.1204090160915165
2005-04-29,-1.4530238568269855,-1.2529761629883989,-1.700654738623931,-1.405440668868627,0.0085928489301869,0.2191331286438415,0.1224299274076308
2005-05-31,-1.5477906005056334,-1.4040027474795627,-1.7503583405050742,-1.4890107135322632,0.0084108099451829,0.2178252483873573,0.1206780968779225
2005-06-30,-1.7179303245954722,-1.582395580758441,-1.940971400932665,-1.6304239920953107,0.0081894829939344,0.2145434451008752,0.1179399435735321
2005-07-29,-2.0178885852725714,-1.8271012495514563,-2.435716672591325,-1.790847833674932,0.0078798489472745,0.2065382720372424,0.1147089041123946
2005-08-31,-1.9146714724028129,-1.7062371305875617,-2.3419106430634278,-1.6958666435574488,0.0079508289828954,0.2061709965551809,0.1153681211902213
2005-09-30,-1.821978733832367,-1.5837856977278002,-2.251161485877261,-1.6309890178920399,0.0080344790899054,0.2059469580638441,0.1156639830357464
2005-10-31,-1.7039823232648796,-1.5862086262700479,-2.008747425370537,-1.5169909181540544,0.0079879985553655,0.2082754240323311,0.1168426252042428
2005-11-30,-1.6494104915283199,-1.5270408251076877,-1.9293433337361636,-1.4918473157411083,0.0080112407739056,0.2084376946437768,0.1166851090083792
2005-12-30,-1.7922148902998931,-1.6507824600642167,-2.1298288213276466,-1.5960333895078165,0.0078298024659391,0.2041954075706964,0.1144089932145479
2006-01-31,-1.9049385566350017,-1.7835183123481164,-2.189621586245393,-1.7416757713114956,0.0076263572364931,0.201881278679431,0.1112994807798792
2006-02-28,-1.8650041690357213,-1.7974455142625987,-2.1145727249171222,-1.6829942679274423,0.0075509575971058,0.2017488573535126,0.1115088102714773
2006-03-31,-1.8115163447581935,-1.7069669686667879,-2.0494539620101673,-1.6781281035976243,0.0076002747031704,0.2015811445952829,0.1108596844709001
2006-04-28,-1.8828743883308112,-1.7783735467531858,-2.2009848938302743,-1.6692647244089736,0.0074603482499031,0.1976322344922091,0.1102880354793844
2006-05-31,-1.828895860518837,-1.7363346565835314,-2.1075091261888343,-1.6428437987841458,0.0074540791405369,0.1978685595324018,0.1100409546881883
2006-06-30,-1.813081019892364,-1.7236234250505702,-2.110316835904337,-1.6053027987221848,0.0074150369677663,0.1964724504269739,0.1100271687946086
2006-07-31,-1.5124154761687836,-1.4155396881200941,-1.7619709414371392,-1.359735798949118,0.007748811987849,0.201749082432965,0.1137923244192382
2006-08-31,-1.4224996291123067,-1.3615376936994792,-1.5757554982181137,-1.3302056954193269,0.0077835208925748,0.2044313476567769,0.1138920703445964
2006-09-29,-1.391653711614887,-1.320648136744246,-1.573341831957319,-1.2809711661430967,0.0078050470487525,0.2038437025904685,0.1143717265530406
2006-10-31,-1.4339468780985254,-1.3523275536347872,-1.6757706006553768,-1.2737424800054125,0.0077375334280685,0.2012459248667587,0.1141339050770546
2006-11-30,-1.4293155750002553,-1.301072279493181,-1.681621833183559,-1.3052526123240256,0.0077735315356623,0.2003955200184409,0.1132039711832635
2006-12-29,-1.3642901137881107,-1.2366659631277328,-1.613998008025179,-1.2422063702114203,0.0078289671691814,0.2009836804683009,0.1139696655863222
2007-01-31,-1.3650953924025948,-1.2679698982267522,-1.576199039979075,-1.2511172390019571,0.0077660203675977,0.2010641813290951,0.1134730030331514
2007-02-28,-1.5638617389766027,-1.474719979991439,-1.7927413502500607,-1.4241238866883081,0.0074765657439528,0.1960892656559593,0.1099683105160642
2007-03-30,-1.4959786751967188,-1.3864406379126804,-1.744621432314919,-1.3568739553625566,0.0075563786407553,0.1962015722591577,0.1107566900041902
2007-04-30,-1.5290862611775602,-1.4214080632411303,-1.7895742212124004,-1.3762764990791507,0.0074813486707705,0.1944591909432733,0.1099956526559782
2007-05-31,-1.514049486578312,-1.3904702860898743,-1.8090116292191638,-1.3426665444258983,0.0074905810842019,0.1931822745222074,0.110208583409612
2007-06-29,-1.4532302467813778,-1.2966682292744944,-1.7570116214792035,-1.3060108895904352,0.0075840102960196,0.1933909326194258,0.1105058396141508
2007-07-31,-1.34012114521944,-1.1776598124569684,-1.646538981205408,-1.196164641995943,0.0077148842823983,0.1949209727314901,0.112196559982995
2007-08-31,-1.226124080629603,-1.0896600255780007,-1.5221110727547318,-1.0666011435560765,0.0078099325932231,0.1968838559393362,0.114316299810328
2007-09-28,-1.07119340100988,-0.9334187376676337,-1.3400108520062295,-0.940150613355777,0.0079965764468179,0.2002060684941847,0.1164350006115569
2007-10-31,-1.0583918691643068,-0.9018537531054537,-1.401915762952933,-0.871406091434534,0.0080254964912314,0.1984563395864097,0.1175316567946149
2007-11-30,-1.1172288623144102,-0.9380994763524888,-1.5704248102991314,-0.8431623002916103,0.007967500516091,0.1943387355310827,0.1179039729538095
2007-12-31,-0.9138444905104302,-0.7446813934091905,-1.2791142319711484,-0.7177378461509517,0.0082052922036763,0.200066005626042,0.1200684517532452
2008-01-31,-0.9612637383588828,-0.7947790430677546,-1.3151290024076996,-0.7738831696011939,0.0081332950707371,0.1989100856133826,0.1189397151590663
2008-02-29,-1.0426277544578142,-0.9107803580443309,-1.3724543921436363,-0.8446485131854755,0.0079757817959259,0.1972626031558443,0.1175316897006504
2008-03-31,-0.788626325476767,-0.7299937497594355,-0.9010481207972094,-0.7348371058736561,0.0081969031427488,0.2070840164569017,0.1194015361252132
2008-04-30,-0.9345730613366782,-0.8430097278071131,-1.1565967941412445,-0.8041126620616768,0.0080453231498901,0.2013767850550893,0.1180395452265695
2008-05-30,-1.1636624268102056,-1.1051323103374195,-1.4050130861832224,-0.9808418839099755,0.0076999776732621,0.1956526666499492,0.1147034831999639
2008-06-30,-0.987568734794151,-0.932509991129794,-1.1440379198066755,-0.8861582934459836,0.0079065064716325,0.2009393662908349,0.1162573974080936
2008-07-31,-1.0206285395269428,-0.9904625934309759,-1.2520165712240199,-0.8194064539258326,0.0078213877567845,0.1982912141323395,0.1173306098552676
2008-08-29,-1.0585721425524308,-1.04382894292333,-1.2692412211133184,-0.8626462636206442,0.0077408023390021,0.19757318995238,0.1164282842432151
2008-09-30,-0.5592270291229887,-0.5233474338309857,-0.717225560071114,-0.4371080934668664,0.0083922853935593,0.2093285474061374,0.1239698720332991
2008-10-31,0.049492283701284105,0.08842386940629195,-0.05991819418490913,0.11997117588246949,0.0091605864150864,0.2234206433493773,0.1338721529451592
2008-11-28,0.5943052368147433,0.7879687634177068,0.5265651705347101,0.4683817764918132,0.0100418833961111,0.2360072532194342,0.1400770940869717
2008-12-31,0.46730321310546324,0.6766622696642874,0.36905958921547316,0.35618778043662913,0.009908834133783,0.2326978844038401,0.1381342759428377
2009-01-30,0.27463274984944314,0.598924072605964,-0.09636980154594714,0.3213439784883125,0.0098168174474167,0.2228271680894744,0.137551759995759
2009-02-27,0.4470094726193498,0.6995406858674754,0.21138062650257805,0.4301071054879959,0.0099474962888626,0.2293387947883881,0.1394916701991984
2009-03-31,0.18245340840853683,0.34750655675067277,-0.06819644627498986,0.2680501147499276,0.0095141635841979,0.2234619177695887,0.1366946900628066
2009-04-30,-0.35931958127005875,-0.3052552479825515,-0.5159507203858854,-0.2567527754417393,0.0087080254509459,0.2140416822385345,0.1275815759379266
2009-05-29,-0.4950038167787855,-0.42874937902580845,-0.7608057877977911,-0.29545628351275693,0.0085537239063658,0.2088289545343371,0.1268893686593053
2009-06-30,-0.4265780481857462,-0.2981550677723308,-0.8033951581333778,-0.17818391865152997,0.0087116523587538,0.2078216891712349,0.128890400040445
2009-07-31,-0.6292003126092353,-0.5572270360097733,-0.988138286042223,-0.34223561577570927,0.008392300412822,0.2038074894955257,0.126055474473839
2009-08-31,-0.7758212533618085,-0.7067422944116667,-1.1421427027522681,-0.47857876292149076,0.0082052037218569,0.2003708948121858,0.1236887496856049
2009-09-30,-0.8989083423863106,-0.8159301237905683,-1.331736577613248,-0.549058325755116,0.0080658362507545,0.1960944312849104,0.1224396852102316
2009-10-30,-0.6399430667958564,-0.5561226276321419,-1.0132815805434596,-0.35042499221196743,0.0083763662877812,0.2025537831692705,0.1257748186756775
2009-11-30,-0.5833758622877878,-0.5127386510478631,-0.9598152003648519,-0.27757373545064845,0.0084253994531457,0.2035057256426062,0.1269825674886127
2009-12-31,-0.9014880108704647,-0.8548253614757569,-1.2457569293935316,-0.6038817417421058,0.0080066223754246,0.1972602938422508,0.121441681840427
2010-01-29,-0.9563540731347001,-0.9113753595942231,-1.3279633755596938,-0.6297234842501834,0.0079303389926613,0.1952181590946821,0.1209474142212824
2010-02-26,-1.0356301079647363,-0.9728191639124817,-1.4288350077199872,-0.7052361522617403,0.007847172663347,0.192720341849291,0.1196123332564169
2010-03-31,-1.08226852770482,-1.0615046087786373,-1.4207008900965954,-0.7646000842392273,0.0077295941625585,0.1925164683104943,0.1185392795109531
2010-04-30,-1.1308742484360552,-1.0935609543973348,-1.4462289492359244,-0.8528328416749063,0.0076793164740147,0.1915863450492879,0.1169700907737775
2010-05-28,-1.1962479017307481,-1.1626601749495664,-1.5040242288505854,-0.9220593013920929,0.0075829385179324,0.189930878822781,0.1157037930513328
2010-06-30,-1.0377930555197563,-1.0069352794164768,-1.3235049099882343,-0.782938977154558,0.00776053337284,0.1934736781529457,0.117932744167525
2010-07-30,-1.111034531214915,-1.081759479489151,-1.4230420216685309,-0.8283020924870634,0.0076592073384658,0.1909691635712667,0.1170876735388476
2010-08-31,-1.0875792905043316,-1.0695415928139056,-1.3722097993607194,-0.8209864793383693,0.007662990878634,0.1917241221767349,0.1171192088511582
2010-09-30,-1.1769571624437531,-1.157588607340735,-1.4532632000436438,-0.92001967994688,0.0075440439464214,0.1895864383744297,0.1153692546472732
2010-10-29,-1.1265079272390779,-1.1010127493253217,-1.3941735103691253,-0.8843375220227871,0.0076008568928549,0.1905192696420866,0.1158584913123266
2010-11-30,-1.1885325145208698,-1.1474973966019484,-1.434626272681844,-0.9834738742788173,0.0075322786392691,0.1892659400946184,0.1140957933072346
2010-12-31,-1.235526663877856,-1.1711986250174071,-1.5017115539324424,-1.0336698126837185,0.0074907014322214,0.1873847990764376,0.1131303504206463
2011-01-31,-1.1319352149622386,-1.0388273643168078,-1.3796496738104251,-0.9773286067594827,0.0076410643458964,0.1897303162952532,0.1139420211315451
2011-02-28,-1.1876444892894582,-1.0957709105608635,-1.402284099909957,-1.0648784573975543,0.0075610305712263,0.1888820491072593,0.1123523302222094
2011-03-31,-1.27769652348148,-1.1781791091021385,-1.5080697051704244,-1.1468407561718772,0.0074482905374093,0.1861263943594694,0.1108312798390024
2011-04-29,-1.2955542508304216,-1.2190796978252196,-1.47876016665988,-1.1888228880061653,0.0073848850935237,0.1863849938085214,0.1099585265782088
2011-05-31,-1.3609995503136725,-1.3018985555323912,-1.524695790165387,-1.2564043052432392,0.0072682880646401,0.1849360181221241,0.1086379391121715
2011-06-30,-1.3490865051460894,-1.315492632961942,-1.4756944792899889,-1.2560724031863373,0.007235559954228,0.185647184192344,0.108445285125006
2011-07-29,-1.1163758522161755,-1.0738949843082808,-1.2081553150216793,-1.0670772573185665,0.0075207614314412,0.1914379047973922,0.1114562034871196
2011-08-31,-0.945871795546207,-0.9293962114857861,-0.9754206225126386,-0.9327985526401963,0.0076899600253945,0.1965420077975583,0.1135901245279877
2011-09-30,-0.5679524838613229,-0.5499819119338916,-0.5312864925007952,-0.6225890471492821,0.0081509638923809,0.2065222761184696,0.1187085860636256
2011-10-31,-0.8480402439998563,-0.8178367600219443,-0.8691761454721475,-0.8571078265054772,0.0078182172805176,0.1987852998794183,0.1147210380456608
2011-11-30,-0.8506354721574768,-0.8285440837655611,-0.889688524503942,-0.8336738082029272,0.0077991672376633,0.1981968330931698,0.1150276401953699
2011-12-30,-0.6436209538661044,-0.5950994256350328,-0.6303098843612105,-0.7054535516020699,0.0080799565573479,0.2039640542953231,0.1170943399560202
2012-01-31,-0.7369221443996145,-0.6797326229565256,-0.7363671726639798,-0.7946666375783382,0.0079729683324596,0.2014942097738156,0.1155417934442368
2012-02-29,-0.5808049734595926,-0.4515979552375475,-0.5916079347121006,-0.6992090304291295,0.008247307292018,0.2046779170886992,0.1170618998269734
2012-03-30,-0.4668135862118503,-0.2670942577545412,-0.5610891973176427,-0.5722573035633671,0.0084692164795077,0.2053042555617792,0.1191158889474018
2012-04-30,-0.5211743691156289,-0.33150233121375067,-0.6348506313432951,-0.5971701447898407,0.0083900896653886,0.203590795293599,0.1186600960585106
2012-05-31,-0.31101114296668525,-0.1333671428279373,-0.33461493939614634,-0.46505134667597214,0.0086276233935074,0.2102493028504606,0.1208011921108862
2012-06-29,-0.22838899803628332,-0.05828643008997884,-0.2517195925294153,-0.3751609714894558,0.008717307826202,0.2120700571339989,0.1222518869739898
2012-07-31,-0.06865449404792891,0.11184638848146236,-0.09368510169530508,-0.224124768929944,0.008920825164714,0.2155609871726722,0.1247088299512806
2012-08-31,-0.0875248459712273,0.19589722471398155,-0.19477067908435183,-0.2637010835433116,0.0090216126296988,0.2133163666319233,0.1240486331769311
2012-09-28,-0.05906241829448341,0.19522307152200374,-0.10768913411974068,-0.2647211922857133,0.0090215977557086,0.2152234549445612,0.1240170220107135
2012-10-31,-0.3591635056913647,-0.16851264499306168,-0.4450817482394503,-0.46389612384158213,0.0085909571634284,0.2077904202834076,0.1207607616281
2012-11-30,-0.5267668225458659,-0.3554051607527139,-0.64882236229207,-0.576072944592814,0.0083692097343046,0.2032712195565746,0.1189080843306134
2012-12-31,-0.8394536148597398,-0.7241040035060741,-0.9721433489766144,-0.8221134920965311,0.0079318074564589,0.19608300995226,0.114869487242707
2013-01-31,-1.1677160926665247,-1.1356272060971535,-1.3107063671164192,-1.0568147047860015,0.0074391742038464,0.1884456525194751,0.1109733552957268
2013-02-28,-1.1880868782010283,-1.191137169414345,-1.2995217102165766,-1.0736017549721628,0.0073631429107866,0.188444896498727,0.1105837552608611
2013-03-28,-1.3005256623072174,-1.3154414291668433,-1.424861553081029,-1.16127400467378,0.0072034884526337,0.1853952762316834,0.1090304432652777
2013-04-30,-1.2851674209505706,-1.3046279323231078,-1.4245004664263676,-1.1263738641022363,0.0072030606321112,0.1851017498408567,0.1094633370194809
2013-05-31,-1.3279625243925564,-1.3541918532340382,-1.449752723512084,-1.1799429964315467,0.0071302101545264,0.1842312604907218,0.1084546519871892
2013-06-28,-1.418451467317242,-1.4554275239963943,-1.5512034977966531,-1.2487233801586781,0.0069934160946083,0.181617245617179,0.1071805263883066
2013-07-31,-1.4198981148562424,-1.453603153933744,-1.546652439232648,-1.2594387514023349,0.0069788061692374,0.1813539171579216,0.1068428342641967
2013-08-30,-1.4094792831635188,-1.4422471791467049,-1.4885507452491993,-1.2976399250946529,0.0069759293139311,0.182320104845601,0.1060479363882814
2013-09-30,-1.5987587382870416,-1.6289989914658096,-1.7155490963982478,-1.4517281269970677,0.0067303729756663,0.1767607016630463,0.1033151906788888
2013-10-31,-1.4659374808329468,-1.5106173355993349,-1.520571862563419,-1.3666232443360864,0.0068545239702148,0.180810880874941,0.1045088435201899
2013-11-29,-1.3676611715316394,-1.4057523954321811,-1.4060556183077633,-1.2911755008549732,0.0069658284434875,0.1831164373867569,0.1055726845516141
2013-12-31,-1.4529553028749842,-1.4790449871871727,-1.51027959614318,-1.3695413252946,0.0068597427141501,0.1804077506683662,0.1040922521357409
2014-01-31,-1.5505457638073208,-1.58491646609384,-1.633583457000286,-1.4331373683278363,0.0067106080928325,0.1771832071808869,0.1028300505549077
2014-02-28,-1.6129478050845218,-1.6279729911751242,-1.7324981066605323,-1.478372317417909,0.0066362499521447,0.1744384258647265,0.1018514420814453
2014-03-31,-1.5362463105349644,-1.5710639586586999,-1.604128008621016,-1.4335469643251775,0.006686203350323,0.1770052584839714,0.1023782726864378
2014-04-30,-1.5945180722027514,-1.5348557781920997,-1.8151972098582754,-1.4335012285578796,0.0067120689193421,0.1715774599434147,0.1021642791242741
2014-05-30,-1.580941623558724,-1.5626856763944434,-1.7283138831040203,-1.4518253111777077,0.0066580246179199,0.1731303003795898,0.1016382340931807
2014-06-30,-1.6024948080594361,-1.5791023394176216,-1.731602552954016,-1.496779531806671,0.0066175480068453,0.1725765655061316,0.100649898071333
2014-07-31,-1.5003240778116436,-1.4620794220420903,-1.6621184501701467,-1.3767743612226933,0.0067470695230371,0.1737869974769312,0.1024695319494384
2014-08-29,-1.4912448997607453,-1.4428214885282922,-1.6541223721768052,-1.3767908385771386,0.0067551286478508,0.1735522127403296,0.1022759984620704
2014-09-30,-1.437193098709958,-1.404757791269521,-1.6212308642405593,-1.285590640619793,0.0067879260627893,0.173933116205621,0.1036496554126641
2014-10-31,-1.41837255882625,-1.3733523657263196,-1.5759839092098107,-1.3057814015426192,0.0068132818308879,0.1746413806630388,0.1031386031496046
2014-11-28,-1.3759135301131984,-1.2962651597847277,-1.559223084613775,-1.2722523459410922,0.0068982821420454,0.1746789729307443,0.1035468030289323
2014-12-31,-1.5120834508275756,-1.4759069062649384,-1.679960725072185,-1.3803827211456028,0.0066540494513977,0.1713221532303824,0.1015209435272527
2015-01-30,-1.5106444016100236,-1.398952664283251,-1.7692879818100749,-1.363692558736745,0.0067370955371839,0.168651953072486,0.1016190650470645
2015-02-27,-1.4635989763808643,-1.3252402356058413,-1.7358026698506834,-1.3297540236860688,0.0068180521922957,0.1689933673250901,0.1020229870365785
2015-03-31,-1.5512811185845656,-1.4201235419898193,-1.8052443291348022,-1.4284754846290753,0.0066817546295935,0.1667596968467729,0.1001305915910072
2015-04-30,-1.4344459957442135,-1.3135935384524666,-1.6752025327944262,-1.314541915985748,0.0068055339271993,0.1695395136453621,0.1019137500693189
2015-05-29,-1.4202146167217229,-1.2842063719876777,-1.686033355871866,-1.2904041223056248,0.0068312947628151,0.1688269381364174,0.1021666328039243
2015-06-30,-1.4390224054185066,-1.3152703967382613,-1.7120992112866724,-1.2896976082305864,0.0067788076801289,0.1677150942846891,0.1020180056390834
2015-07-31,-1.4366044080706086,-1.3203538015453198,-1.8159838840020504,-1.1734755386644564,0.0067596307370569,0.1645707897816685,0.1038910021435054
2015-08-31,-1.4401460539833664,-1.348787365293568,-1.7503608457676927,-1.221289950888838,0.0067097180400756,0.1657420901179742,0.1029249823395471
2015-09-30,-1.3380300199511381,-1.2801719982055968,-1.6141109117306538,-1.119807149917164,0.006786765107631,0.1688074448055504,0.1045615724922049
2015-10-30,-1.2261338662225694,-1.1810168774034298,-1.492653052689706,-1.0047316685745722,0.006905485963098,0.1715796692000714,0.106458230321985
2015-11-30,-1.124535665691328,-1.1333820894927085,-1.2598692187974698,-0.9803556887838052,0.0069583905106743,0.177321202248066,0.1067919478826723
2015-12-31,-1.100349449863194,-1.155683159097135,-1.249637686728403,-0.895727503764044,0.0069202291105768,0.1773674109712599,0.1081816465745848
2016-01-29,-0.9843251824502911,-1.0288686779291418,-1.162422312232474,-0.7616845571892578,0.0070777933641976,0.1794245198358628,0.1104433439476716
2016-02-29,-1.1544776674236614,-1.1736548928628985,-1.3714621607281423,-0.9183159486799433,0.0068802230239394,0.1737832615009755,0.1076644112335859
2016-03-31,-1.1402072851315006,-1.1487525575134856,-1.2903306548126958,-0.9815386430683205,0.0069036393322147,0.1756446798876883,0.1064878635542164
2016-04-29,-1.3061936166038892,-1.357100447837242,-1.4630934413763768,-1.0983869605980487,0.0066194490327161,0.1708765502241947,0.1043646597254066
2016-05-31,-1.1829071106002171,-1.2314998166677185,-1.3116154981048007,-1.005606017028132,0.0067729400775639,0.1745624219026485,0.1058766942233706
2016-06-30,-1.2022922796097806,-1.2274945637299297,-1.3977354839659144,-0.9816467911334977,0.0067679133153158,0.172053736752157,0.106205588873406
2016-07-29,-1.1381653981100472,-1.189752800599343,-1.2404842406666652,-0.9842591530641331,0.0068077429782904,0.1759361149304961,0.1060758528086307
2016-08-31,-1.1270076084686893,-1.1697233970635794,-1.2302219899938143,-0.9810774383486743,0.006824814133534,0.1759999374697353,0.1060470842330906
2016-09-30,-1.0671119443860755,-1.0802653868858696,-1.1657352795437599,-0.9553351667285975,0.0069343743638896,0.1775017703087964,0.1064123088572088
2016-10-31,-0.9888363520806603,-1.0162463767387016,-1.0637167861815238,-0.8865458933217562,0.0070115677258802,0.1800173911002311,0.1075310566435082
2016-11-30,-1.1662786454850769,-1.1817682594361647,-1.2921230640413999,-1.0249446129776658,0.0067852545840045,0.1738280656846682,0.1050546584726789
2016-12-30,-1.0560594833620491,-1.0913902544680254,-1.1443554132147993,-0.9324327824033228,0.0068961402136996,0.1775225914566525,0.1065759197180317
2017-01-31,-1.0405239586595605,-1.0725930698642476,-1.110483709910435,-0.9384950962039986,0.0069133784629243,0.1782496156966439,0.1063966905262725
2017-02-28,-0.9653069230868697,-0.9684445743003812,-1.0614309229739103,-0.8660452719863176,0.0070441946642455,0.1793898960771769,0.1075816247501182
2017-03-31,-0.88522336789935,-0.8758734143785298,-0.9385482795208452,-0.8412484097986749,0.0071608686781298,0.182497454518982,0.1079486561054587
2017-04-28,-0.8496456521558966,-0.8454293461844914,-0.8829666928267476,-0.8205409174564509,0.0071962414087333,0.1838539773557083,0.1082479891423693
2017-05-31,-0.7317837464990236,-0.7295482970102238,-0.7249229956112595,-0.7408799468755873,0.0073447665192365,0.1879224833292086,0.1095706913288444
2017-06-30,-0.8392690030274764,-0.8716729600525448,-0.8181861639332378,-0.8279478850966465,0.0071536789711961,0.1853978713235385,0.1080174176730528
2017-07-31,-0.770368697115961,-0.7889385704050668,-0.74067907358419,-0.7814884473586262,0.0072580601658791,0.1873520105054371,0.1087635844658058
2017-08-31,-0.5583627831625367,-0.513527582146983,-0.5658275377325238,-0.5957332296081032,0.0076164888765693,0.1918703486950868,0.1119169368603071
2017-09-29,-0.7479034223771194,-0.7618039568846013,-0.7619537178177522,-0.7199525924290046,0.0072884242709696,0.1866848001411929,0.109745457899921
2017-10-31,-0.4245507542618376,-0.42422899146610316,-0.34523899136801744,-0.5041842799513919,0.0077274805436665,0.1975112300155257,0.1134111720518404
2017-11-30,-0.4908055924549131,-0.4812292489342504,-0.42875117116625994,-0.562436357264229,0.0076514323902163,0.1953106380297938,0.1123869661549584
2017-12-29,-0.5014716082347761,-0.5036792897557366,-0.44800639543711224,-0.5527291395114795,0.0076203371650314,0.1947789582009896,0.1125239294724307
2018-01-31,-0.3649281100572212,-0.3932281279316771,-0.28288474523613333,-0.4186714570038532,0.0077623475705458,0.1990349373713545,0.1147864994612483
2018-02-28,-0.155153307482802,-0.11937020328985641,-0.05991383725693211,-0.2861758819016175,0.0081167683661429,0.2047907090485034,0.1170254233280537
2018-03-29,-0.38840552727588856,-0.3584166447755879,-0.2842032450486326,-0.5225966920034453,0.0078065963636348,0.198992570172469,0.1129915461011522
2018-04-30,-0.29380847210335787,-0.24818145350926973,-0.1622568292955353,-0.47098713350526855,0.0079480230473317,0.2021188441628874,0.1138428686500554
2018-05-31,-0.05297831383171239,0.046145793695369385,0.09305143524301786,-0.2981321704335244,0.0083270130557824,0.2086752343902475,0.116750811721805
2018-06-29,-0.015701678934510643,0.09464936560893306,0.13362939263330523,-0.2753837950457702,0.0083895806165301,0.2097219098072099,0.1171230973049322
2018-07-31,0.033165425850798375,0.13499621156083738,0.19497785433478115,-0.23047778834322338,0.0084416750535407,0.2113005873854166,0.1178694667333462
2018-08-31,0.4027433742587318,0.6798391145314923,0.49545963584885166,0.0329313723958515,0.0091411298522597,0.2189946493803167,0.1222929653580223
2018-09-28,0.35261050451062154,0.6217739267456085,0.40614637573394424,0.029911211052311853,0.009069433174983,0.2167487923221958,0.1222434879939224
2018-10-31,0.2949847589277384,0.5393597216313789,0.28875015759985495,0.05684439755198129,0.0089663015401218,0.2137847223747197,0.1226957430835794
2018-11-30,0.0564100241247458,0.20933870246748645,0.031022076793671867,-0.07113070688692091,0.0085467141464458,0.207253988758853,0.1205589468236122
2018-12-31,0.0688593658528882,0.18969543846351233,0.007125802997994968,0.009756856097157282,0.0085223034732965,0.2066500404989698,0.1219052490474573
2019-01-31,-0.008196045272074412,0.09788127549308567,0.011497645549252257,-0.13396705685856117,0.0084061697339641,0.206760994610808,0.1195140569770418
2019-02-28,-0.0784270407178859,0.041818879699046504,-0.09001479929151154,-0.18708520256119265,0.0083353603969321,0.2042000400011612,0.1186270671032571
2019-03-29,0.20731348881405268,0.3892174689107213,0.19418812690850845,0.03853487062292838,0.0087751199046516,0.2113514521862608,0.1223584641322036
2019-04-30,0.3807365709871819,0.6075611632876973,0.420449521818231,0.1141990278556172,0.009052498901685,0.2170510112965228,0.1236107570879848
2019-05-31,0.29084459599474316,0.5109042694900878,0.24704730141813164,0.11458221707601016,0.0089326190832981,0.2127253121159776,0.1236211615617585
2019-06-28,0.30931290287516267,0.5666732064530519,0.28243064567982473,0.0788348564926114,0.0090046943264591,0.213625336031016,0.1230367551900306
2019-07-31,0.3613310624633999,0.6111794407389306,0.3564027824785658,0.11641096417270336,0.009062771342987,0.2154905583329418,0.1236567751642576
2019-08-30,0.400146360784343,0.6449926927320022,0.34558715437552245,0.20985923524550448,0.009107562477346,0.2152418558712573,0.1251928396688467
2019-09-30,0.3454789335223099,0.6054861474493743,0.3041752615672135,0.12677539155034195,0.0090603206293677,0.2142308452437913,0.123841086658192
2019-10-31,0.5537283792882665,0.865317220157204,0.5340769454134093,0.26179097229418624,0.0093889816786174,0.2199650256870208,0.1260499284960775
2019-11-29,0.6446063593786882,0.9922094801746771,0.6166328286084253,0.32497676935296227,0.0095526318717887,0.2220523556811021,0.1270893596811022
2019-12-31,0.7499762015271348,1.156284896432362,0.7266297282123423,0.3670139799367004,0.0097646246478618,0.2248284709145473,0.1277855557867337
2020-01-31,1.1732845272186485,1.712116672449309,1.1530389313294507,0.6546979778771854,0.0104769823756042,0.2354961363699667,0.1324766954432115
2020-02-28,1.238499141038255,1.7692028878763275,1.2193223025912991,0.7269722326471386,0.0105678504312457,0.2372900980933164,0.1336832001191581
2020-03-31,2.0928064605999235,2.8523962468152915,1.8680759701090504,1.5579471648754286,0.01200301162082,0.2537708532043791,0.1472931546852134
2020-04-30,2.3683188398706743,3.260045062050898,2.1632430156880225,1.6816684418731018,0.0126281448109321,0.2617489136422605,0.1495155424745943
2020-05-29,2.2301370140956323,3.0457470225978422,2.0546385846348274,1.590025435054227,0.0124347026208508,0.2595866235423157,0.148212972311751
2020-06-30,2.7960938023898323,3.986208176387698,2.493936533914258,1.9081366968675417,0.0138770877699634,0.2716149191696805,0.1537046003820164
2020-07-31,3.093603320246641,4.41370780038568,2.7548874798458254,2.1122146805084183,0.0147323100923592,0.2795277617474372,0.1574450570143474
2020-08-31,3.6725290680903924,5.188151423873427,3.23935610884227,2.590079671555479,0.0162946354992254,0.2940702785127155,0.1660283452490553
2020-09-30,3.019197724391375,4.1725005520725755,2.6996867866365464,2.185405834465003,0.0150096155732221,0.2810589237006643,0.1596917940061119
2020-10-30,2.82279494506161,3.804305135775352,2.6748093294961426,1.9892703699133347,0.0146281338532526,0.2815927282114658,0.1567237378039643
2020-11-30,2.40189847045504,3.2589018943666894,2.2749657214226224,1.6718277955758085,0.0138780509791589,0.2715496606699836,0.1515572606955606
2020-12-31,2.42935371868627,3.3412873544293547,2.1470919002022737,1.7996819014271817,0.0141506132394499,0.2687257727960542,0.1539950183380288
2021-01-29,2.670570079422479,3.453106544085311,2.692310606360973,1.866293087821152,0.0144916608687122,0.2849503328575954,0.1554211595211748
2021-02-26,2.08303501391921,2.638989423681527,2.1925405254099988,1.417575092666105,0.0131716620689167,0.2717518204942754,0.1478560512907709
2021-03-31,1.7836058829861654,2.2458044870679883,1.9437217016991664,1.161291460191341,0.012537941347029,0.2652924536731485,0.1435358545562577
2021-04-30,2.031825480587166,2.545130575750377,2.202549685937059,1.3477961800740623,0.0131269421403995,0.2733164067186601,0.1468785208628329
2021-05-28,1.6804870517050918,2.075369121026446,1.8802489609132662,1.0858430731755635,0.0123364616929599,0.2646353982587795,0.1424374093841467
2021-06-30,2.1010461592586758,2.5907636964579566,2.2846629756306753,1.4277118056873954,0.0133225344157268,0.2769901672079782,0.1484865495784482
2021-07-30,2.191135007179016,2.6978838858099183,2.345765516345521,1.5297556193816093,0.0135945929574861,0.279616962945478,0.1504245866322688
2021-08-31,2.386830927074041,2.892064715228019,2.5798575294094013,1.6885705365847028,0.0140454890740547,0.2875517125888304,0.1533992404286912
2021-09-30,2.192195884297312,2.631082104034201,2.4051696552854485,1.5403358935722882,0.0136394492853012,0.283358007645871,0.1509938094990853
2021-10-29,2.4896517138649763,2.956317803197601,2.7177837398571207,1.7948535985402072,0.0143526314815502,0.2939567093961777,0.155692686667757
2021-11-30,2.903470794493847,3.4905550166651644,3.0832619948208997,2.1365953719954773,0.0155383867423447,0.3068468848690882,0.1620876152434643
2021-12-31,2.572997436329554,3.155737533637658,2.714751371711616,1.848503403639388,0.0150209755939188,0.2969433983868755,0.1572789654027163
2022-01-31,2.446550339308249,3.0641300958924695,2.498077407443967,1.7774435145883096,0.0149627519684518,0.291324469359888,0.1562695291664222
2022-02-28,2.2786988008407696,2.883806755897037,2.3111253727113685,1.6411642739139036,0.0147055847196063,0.2863638789268573,0.1540479300097067
2022-03-31,2.4760986350686203,3.040933384916492,2.5739844656995365,1.8133780545898328,0.0151475579952834,0.2958286708605628,0.1573887476082228
2022-04-29,1.9762188011398052,2.5402925367684395,1.9995813116824137,1.3887825549685624,0.0141882170786528,0.2781459453852167,0.1499068823521091
2022-05-31,1.658122901589599,2.132259341462165,1.6816817140420794,1.1604276492645529,0.0133833315341473,0.268355727023604,0.1458934834435975
2022-06-30,1.7014965338164656,2.171515576638827,1.70678118141404,1.2261928433965297,0.0135150090731072,0.2695645911423914,0.1471795521247432
2022-07-29,2.068798666591061,2.6788604025887515,2.0380984380438116,1.4894371591406204,0.0146762672773903,0.2808828834135067,0.1520803134360453
2022-08-31,1.9649158102495845,2.5564672368598855,1.947704166090514,1.390576027798354,0.0144918891803461,0.2785162931962038,0.1504327966986216
2022-09-30,1.842146432822318,2.3439582665167156,1.8623270568930852,1.3201539750571532,0.0140937634908805,0.2762366977924823,0.1492806129262892
2022-10-31,1.4801285727468325,1.9685342228465095,1.4510535730719345,1.0207979223220531,0.0133136174259086,0.263037236593954,0.1439305391666981
2022-11-30,1.1504541083277855,1.5826191847752278,1.0798044820338404,0.7889386581742883,0.0124896404291208,0.2509922530765444,0.1397750566133355
2022-12-30,0.8144636500902876,1.2323767748652252,0.6550977463514006,0.5559164290542368,0.011731853522663,0.2371036687413839,0.1355830205118124
2023-01-31,0.92869412493932,1.3908102077948357,0.7756109452114911,0.6196612218116334,0.01209697730085,0.2411301745927642,0.1367628984900281
2023-02-28,1.2041080120611376,1.658072707747816,1.152374802409764,0.8018765260258327,0.0127112590230788,0.2536379716942998,0.1400947184248556
2023-03-31,1.7802151625215068,2.355108094010957,1.6394695057836512,1.3460678877699128,0.0143155713514422,0.2699718216715147,0.1500342067259661
2023-04-28,1.9657393571926953,2.5696674632115983,1.8079640858463941,1.519586522520093,0.0148738255972404,0.2759741364985866,0.1533326524396328
2023-05-31,2.654966252042634,3.2577344602653695,2.5531258636682113,2.1540384321943216,0.0165814434331914,0.3017426925381899,0.1652193829957764
2023-06-30,2.624259191148283,3.221562152917967,2.5541792837724855,2.0970361367543964,0.0166526813768383,0.3029410566175456,0.1645523676991441
2023-07-31,2.5389590066406833,3.00896882412431,2.5649536242159297,2.0429545715818103,0.0162851809089261,0.3044885635791804,0.1639085501866891
2023-08-31,2.550880984321452,2.9523650882844414,2.5551575830148914,2.1451202816650237,0.0162742545707114,0.3053345961674029,0.1661899187811016
2023-09-29,2.3891301529095785,2.677891099896969,2.482734754833349,2.0067646039984184,0.0157097917688747,0.303940926944981,0.1639551801695886
2023-10-31,2.6275898106925,3.027486642447983,2.636399783121369,2.218883006508148,0.0166929569928195,0.3105755065080967,0.1683509467005564
2023-11-30,2.7379464494751193,3.178493309744436,2.7389346605394005,2.2964113781415216,0.017221347853086,0.3156307790514771,0.1702888982596845
2023-12-29,2.410828109174092,2.7599759092560907,2.4798122586919185,1.9926961595742658,0.0162795930157371,0.3075526930606168,0.1648676503195122
2024-01-31,2.5244222047806306,2.821606989910206,2.5749607049474776,2.176698919484209,0.01654949740611,0.3122046024489076,0.1687892952903034
2024-02-29,2.7021123316477738,2.914094890488903,2.8309190813793452,2.3613230230750726,0.0169124412871658,0.323094669745843,0.172850633602512
2024-03-28,2.509933695715319,2.685744654667925,2.6754646045668777,2.168591827911153,0.0164199108126176,0.3188092968922154,0.1695449284796041
2024-04-30,2.559975695832949,2.6888167658288515,2.758463603784539,2.2326467178854568,0.0165299588396674,0.3234246245790086,0.1712433053007332
2024-05-31,2.9874674585310497,3.240120382166538,3.1022870754027454,2.619994918023865,0.0181687856692823,0.3384696116059852,0.1795319172758248
2024-06-28,3.415699244506378,3.7353576697576005,3.478540960363675,3.033199103397859,0.0197738586611115,0.3558293855009978,0.1887771721544632
2024-07-31,3.019834686552016,3.278824152167359,3.1122699253225026,2.668409982166186,0.0186990418652629,0.3438854746714441,0.182211928825047
2024-08-30,2.895669340605552,3.1284627303725663,2.964543271140947,2.594002020303142,0.0184416762464288,0.3400560480999575,0.1814053117748794
2024-09-30,2.8698279851426762,3.0744301451936593,2.9815748940229034,2.553478916211466,0.0184465076626782,0.3427716765262681,0.1812520274051997
2024-10-31,2.9012870398960753,3.106151064797332,2.9840262224788967,2.613683832411997,0.0187039279546305,0.3449327272388146,0.1832230677398477
2024-11-29,2.810124086319211,2.9937164319274183,2.8765956426610986,2.560060184369115,0.0185242609760718,0.3424071302140956,0.1827933719408601
2024-12-31,3.297819362593007,3.4444223019630815,3.428236243043029,3.020799542772909,0.0200949544593504,0.3684305934805715,0.193612566381783
2025-01-31,2.912389268348838,2.876211220424958,3.119597677937256,2.7413589066843014,0.0185083848154773,0.3578072131269144,0.1884881324961755
2025-02-28,2.6906765172756413,2.756441384376544,2.7453466542505645,2.570241513199816,0.018263880816288,0.3434565119823738,0.1855043911424706
2025-03-31,2.31048976593191,2.3551092501179216,2.375349898408765,2.2010101492690426,0.0170973477150332,0.3285575705843438,0.1779187308423508
2025-04-30,2.4054325166542796,2.405888909412991,2.4923238164919908,2.318084824057857,0.0173420965671437,0.3349905774618269,0.1810333181161108
2025-05-30,2.724284312934458,2.7523378285249636,2.833586149451099,2.586928960827311,0.0185607232539011,0.3519378473596552,0.1877183905117766
2025-06-30,2.9340309393952695,3.0519418756962104,2.9679416080623366,2.7822093344272623,0.0196857495863355,0.3601144218185687,0.1929891932865142
2025-07-31,3.2430597940642882,3.465221474516029,3.2319019116196883,3.0320559960571476,0.0212692579327203,0.3748585661226725,0.1998017954773321
2025-08-29,3.093536494961905,3.2313960771857757,3.1430117094735186,2.906201698226422,0.0207025957407756,0.373401938666236,0.1979672702129689
2025-09-30,3.2399570018594743,3.349896966633794,3.3032012284762113,3.0667728104684175,0.0213286959210206,0.3839339967485439,0.2029212374374395
2025-10-31,3.512648898002931,3.662640563589081,3.520453485298491,3.354852645121221,0.0226953308193177,0.3979649962320585,0.2113046469785036
2025-11-28,3.235411162245459,3.230854526011669,3.3463527160607165,3.129026244663991,0.0214070463947798,0.3928318498628219,0.2072412897463225
2025-12-31,3.1474354373778475,3.133623412289391,3.2864584741240357,3.022224425720115,0.0212612240879001,0.3930408209436892,0.2058740534473988
2026-01-30,2.8955455378998463,2.8234829552163605,3.076721135470478,2.7864325230127016,0.0202985287471295,0.385213204501844,0.2010591607018952
2026-02-27,2.4691049230153985,2.371949703064666,2.6588379037372727,2.3765271622442565,0.0187544943287561,0.3658324122177419,0.1915064420366609
2026-03-31,2.487494539131653,2.4315113571749034,2.637754872785233,2.3932173874348215,0.0190712508578341,0.3664949475872552,0.1925764906143939
2026-04-30,2.8368124044244265,2.761722227992746,2.988446659556396,2.7602683257241374,0.0204286011460383,0.3870806566519417,0.202812736573652
2026-05-29,2.9856593838726986,2.9682767820684295,2.9926561270259677,2.9960452425236967,0.0213724009712193,0.3898231462051467,0.210062382013864
2026-06-30,2.4501722744190406,2.320391774340103,2.498965374830509,2.5311596740865094,0.0190209305162229,0.3652208864754359,0.1988266844769386
2026-07-30,2.5853289385787748,2.6497936409975726,2.5600894911030267,2.546103683635725,0.0203997466024687,0.3701361812299034,0.2000103754903799
