date,n_subset_nominal,n_subset_included,n_excluded_insufficient_history,shrinkage_intensity,n_eff_risk,risk_entropy,n_negative_contributions,risk_share_top5,risk_share_top7,risk_share_top10
2000-12-29,100,96,4,0.1592640927236641,42.37867532893404,0.0959193749500471,0,0.19598066481705478,0.2708755394913058,0.3540750432204527
2001-01-31,100,95,5,0.1533856786100168,35.70625832717737,0.12664167298542017,0,0.15047684653054877,0.27349281980691037,0.35178737957004663
2001-02-28,100,96,4,0.149246941182309,39.23964997306419,0.10720117852826583,0,0.19485516599038863,0.2892049997763651,0.38270855006871723
2001-03-30,100,97,3,0.12354601885183976,38.11218119534013,0.11659730106968602,0,0.20228892420191374,0.2821938537825579,0.3449230192005224
2001-04-30,100,98,2,0.11614943005777612,32.00019840223293,0.14631792104925168,1,0.21809546801500806,0.2615299873171819,0.3592092712013113
2001-05-31,100,98,2,0.1191895098665274,32.78065985511642,0.1395614251295253,0,0.2197728115228917,0.2978368200142531,0.3951832463210643
2001-06-29,100,99,1,0.12350298177942236,31.328681431490214,0.14585869321024658,0,0.22608948073531754,0.3044558853548865,0.4066111950501846
2001-07-31,100,100,0,0.11712264444422639,34.02989659860134,0.13571319129929538,0,0.2122353682629993,0.2871765990267819,0.3888955213459205
2001-08-31,100,99,1,0.12273501914166779,34.6683593479073,0.12789744858332763,0,0.2184394985984033,0.30371637966400356,0.39532026164550227
2001-09-28,100,98,2,0.1315822463413286,35.94902411163628,0.11829496970402142,0,0.23330449238753026,0.28938391364261995,0.369774779537347
2001-10-31,100,97,3,0.13543855650068054,33.4269630231071,0.1295910782477211,0,0.2271359338709958,0.2977051758632845,0.346695530234366
2001-11-30,100,98,2,0.13551588500642558,32.76415143013158,0.134877168174656,0,0.22955859338251863,0.2799280873601281,0.3836858986278371
2001-12-31,100,99,1,0.13575449990154503,33.67325898830895,0.12962968876824243,0,0.21915840402034978,0.32668681248824444,0.3862473581347608
2002-01-31,100,99,1,0.1382980421071833,34.83597415145022,0.1222135066970147,0,0.241527037970194,0.3297564660256087,0.3856487877237734
2002-02-28,100,99,1,0.14952619527729163,37.19422531029422,0.11091640734173525,0,0.2262471523861042,0.326977013959068,0.384385654384595
2002-03-28,100,99,1,0.15342736976083438,37.88691414681718,0.10947898725785066,0,0.21835731579140882,0.3253516458145562,0.3811768175382622
2002-04-30,100,99,1,0.18236668439881026,40.8017957745159,0.09913292097489956,0,0.2378635415966569,0.31692802183089946,0.3736685976055956
2002-05-31,100,99,1,0.1765800096675758,39.539397739774245,0.10393981869625868,0,0.2216404039843699,0.27619724064696627,0.37741262404817577
2002-06-28,100,99,1,0.20024589606055002,39.58832741101173,0.10271589121320324,0,0.26009383043748174,0.2983884244350815,0.37475226420541763
2002-07-31,100,99,1,0.2424364098849324,40.50961994683003,0.09825411050827793,0,0.24384891313003174,0.3138265901928413,0.3536086412848955
2002-08-30,100,97,3,0.22666570559177251,41.78269888127456,0.09416351251797273,0,0.242932011629024,0.31413571945261226,0.37949343710450456
2002-09-30,100,98,2,0.20741530672157032,44.519734047450314,0.0883583469225202,0,0.2356563126360807,0.2892280661173799,0.3648664410213591
2002-10-31,100,97,3,0.18627024312184673,43.2526890265967,0.0926732900953654,0,0.22854454998302964,0.2995383146517721,0.35290449949649294
2002-11-29,100,96,4,0.1759740137363811,42.25685657976851,0.09628541936357826,0,0.22378361157154697,0.2928058226651232,0.3726833197116362
2002-12-31,100,96,4,0.1719319728522075,43.81130537321782,0.09068684686080963,0,0.24020879204888373,0.304932033611213,0.38490069568512053
2003-01-31,100,95,5,0.16469216902549452,43.834618486697345,0.09144815265949668,0,0.22175502163010824,0.2931891599008507,0.3738768577553099
2003-02-28,100,95,5,0.1728986117270096,43.192030853198204,0.09263626514014367,0,0.22639456401328056,0.2964976431841189,0.3745974634439083
2003-03-31,100,95,5,0.15643648615130706,42.1653876253255,0.09569172661583691,0,0.23499957827123125,0.3084184907325985,0.38838430210495234
2003-04-30,100,95,5,0.1547231337416853,41.20358121152345,0.0998958907000066,0,0.23772635343967335,0.3102977390260293,0.3923138896442517
2003-05-30,100,96,4,0.16041692647783193,45.027546959447946,0.08883765037752267,0,0.21519138295888401,0.2860589667479868,0.3649383594994325
2003-06-30,100,95,5,0.18249876206559115,44.8760411548268,0.08757950087849897,0,0.217554158968633,0.28859129470018763,0.3788671969613275
2003-07-31,100,99,1,0.19396396636223057,46.1242994159023,0.08810266613565565,0,0.20553030170763922,0.272750296026564,0.3749077767305625
2003-08-29,100,99,1,0.20642518081024785,46.96370090386613,0.08430899239003609,0,0.20161475123995246,0.28007081849021653,0.3681412281583464
2003-09-30,100,99,1,0.2135778569525768,44.44266966004511,0.08909511685033356,0,0.20912246471341592,0.3030163609108193,0.37880971105213246
2003-10-31,100,99,1,0.20847725059540048,46.704227492666746,0.08463569909187851,0,0.2123331027186343,0.29326599102454415,0.3635087513958736
2003-11-28,100,100,0,0.2553096905423685,48.26093943873284,0.08060070556819188,0,0.21377337996558957,0.2880074656106485,0.3728126579135559
2003-12-31,100,100,0,0.28291809453126,50.565636082002555,0.0750731151527293,0,0.19938276183512516,0.27544990994776386,0.36265668540388374
2004-01-30,100,100,0,0.2945763213937164,49.94051566882176,0.07640125651642937,0,0.20426354271695496,0.2770101692442098,0.3674059211969944
2004-02-27,100,100,0,0.3053056815002101,51.66498336686013,0.07149431120774041,0,0.19876991418428433,0.2744457240096438,0.3609927343676665
2004-03-31,100,99,1,0.26281190815646416,51.405568444574975,0.07168395005039008,0,0.19245275095836456,0.2656269074835941,0.3629005396313679
2004-04-30,100,100,0,0.2637906857776327,51.005350023004276,0.07334170640667226,0,0.2081364796530122,0.27060550653585225,0.3613007726764829
2004-05-28,100,100,0,0.2669586648001328,50.43788511465515,0.07414820475849604,0,0.20897565887331804,0.27067824676058183,0.34556739336570014
2004-06-30,100,99,1,0.25364441832523255,49.08232910346332,0.07637733012914716,0,0.21328204766294892,0.27123244672534363,0.34560280178473357
2004-07-30,100,100,0,0.24767832065858672,49.79838425248838,0.07561662930558888,0,0.21367649440977088,0.2710134104739861,0.34174971447258595
2004-08-31,100,100,0,0.25136636142608876,51.12082513679861,0.07296839328163307,0,0.21231998105943845,0.26875073037862074,0.33581565828480914
2004-09-30,100,100,0,0.24251325695868572,52.925190721838746,0.06990440228519812,0,0.20668427678629558,0.26079990996812963,0.30611600418452534
2004-10-29,100,99,1,0.2537405512650135,53.41038752657721,0.06786558942744114,0,0.20162956863115952,0.24672088722218619,0.30563292397480013
2004-11-30,100,100,0,0.26664791312191105,55.125494817239776,0.06573731602416877,0,0.18987902114173547,0.23960735899348712,0.29856753601676883
2004-12-31,100,100,0,0.2677245141828928,55.325786930628205,0.06498596815586999,0,0.18889982184382254,0.24082212019705745,0.3006360069562566
2005-01-31,100,99,1,0.2571426947332577,56.436589428135726,0.060397139485197315,0,0.18826601226860207,0.2377414094793259,0.29858733340096055
2005-02-28,100,99,1,0.25246425280775037,54.98633372667167,0.06299246476630227,0,0.19224836916890314,0.2318202143783236,0.3055484013082193
2005-03-31,100,99,1,0.2627146719693321,55.11016155639012,0.06213392216193814,0,0.19023120399838558,0.24147554900164775,0.30127158401038107
2005-04-29,100,99,1,0.2544765847033369,53.63047788150964,0.0643394542790291,0,0.1972181423580571,0.2495207932319973,0.31774009113165685
2005-05-31,100,99,1,0.2625174673256849,54.28237051683983,0.0637581180253185,0,0.1886650872643091,0.24146828804959353,0.3223719230291701
2005-06-30,100,98,2,0.25907324260922165,54.079377110805346,0.06281001964622057,0,0.2032016714276884,0.2411852996620654,0.3232700570956955
2005-07-29,100,98,2,0.24465451357385232,54.77987445939318,0.06108322333415028,0,0.18848478310649902,0.23684748418397092,0.31553857573167937
2005-08-31,100,98,2,0.23734348685754267,54.09464508965012,0.061004670188386845,0,0.19234245863002644,0.24019908677282795,0.31636425819765224
2005-09-30,100,98,2,0.20633846000308495,53.018266218450044,0.06160473018053336,0,0.19269908689767218,0.24078760576987226,0.3137443412759717
2005-10-31,100,99,1,0.20571531588261288,54.45274732682021,0.0600952182248522,0,0.19207400424951052,0.23385226429181274,0.30109990757574046
2005-11-30,100,99,1,0.20955754294474135,53.841240445084715,0.06143657628531096,0,0.19419988222439516,0.23287063796237528,0.3017788641085426
2005-12-30,100,99,1,0.20429671847623873,55.18209568746927,0.05791611248910855,0,0.18805276055636802,0.22654989521494928,0.2978749072377928
2006-01-31,100,100,0,0.20921399775341898,52.92540770271974,0.06106321300769202,0,0.19570102079327484,0.2307295949489171,0.29968676499226465
2006-02-28,100,99,1,0.19584428484289454,56.05699837244193,0.056113574499401575,0,0.18756018038902933,0.23544708064995426,0.29754071498642765
2006-03-31,100,98,2,0.28395563736112295,55.954921253212824,0.055622544259101736,0,0.1865257061977883,0.23048420987560952,0.2903796943041324
2006-04-28,100,99,1,0.2436903726549438,57.02337549279103,0.05467539318776382,0,0.1852726731778189,0.2244387276181411,0.28786879255573533
2006-05-31,100,99,1,0.24453130727385938,57.61904377520717,0.05389295203107125,0,0.18399920505562598,0.22661683182039927,0.2885563068346264
2006-06-30,100,99,1,0.2344216528248677,57.706775278307184,0.054285241607900936,0,0.18232911005098332,0.22040399016213283,0.28132014330225635
2006-07-31,100,99,1,0.263788709910272,57.23300684053017,0.05511166846979865,0,0.18363287907916837,0.22294108562851683,0.2831662836086804
2006-08-31,100,99,1,0.2555742746796444,57.32919424857131,0.056733848127336395,0,0.18355093797658198,0.22645916481831643,0.2857017001474205
2006-09-29,100,99,1,0.2384561383137769,57.84005277762064,0.05692692494075591,0,0.18300896571083702,0.23063231638688164,0.2816295335117355
2006-10-31,100,99,1,0.2267546664804108,59.021714141050595,0.0559368241785394,0,0.1793690454278024,0.2283198811817809,0.2773081439773539
2006-11-30,100,99,1,0.2316855487803568,58.05789341931351,0.05735807311862273,0,0.17804682826790796,0.2163161257235521,0.27414572690415717
2006-12-29,100,99,1,0.23148066358681152,57.494902676600866,0.05878310304380008,0,0.18424778570205952,0.2235065911610373,0.2767036918861226
2007-01-31,100,98,2,0.22047828807452072,58.771613164545876,0.05677246243568601,0,0.17393096296471217,0.21650309329994108,0.27242492298906523
2007-02-28,100,99,1,0.25910612867344046,59.467125869614996,0.0552739419103222,0,0.17536523317282487,0.2189409429622062,0.2731117433615615
2007-03-30,100,99,1,0.24212067833900877,58.349119538386006,0.05735393564888158,0,0.1804662421918735,0.22515903091819,0.27716600134234115
2007-04-30,100,100,0,0.2624041727722893,59.446214354200684,0.05581629910701724,0,0.17734155371846352,0.21864962790239573,0.27598861002574576
2007-05-31,100,99,1,0.26973665723444307,59.46797386685258,0.05453348264686064,0,0.17712079540440068,0.22027871921551234,0.26541991575771057
2007-06-29,100,99,1,0.27818567079692946,58.24516332794915,0.05597916111504553,0,0.18453346217643976,0.22820983775882145,0.27518356755403184
2007-07-31,100,99,1,0.26460170611946054,54.69297976012257,0.05978693068540619,0,0.1962879292871591,0.23734824908541133,0.2904065701822908
2007-08-31,100,99,1,0.2906164841352569,53.723313469704614,0.06180528933068696,0,0.20023356775818718,0.23743849930354982,0.3088675302813336
2007-09-28,100,99,1,0.3037809606750329,52.821584082019946,0.0629213866795949,0,0.20383810666697783,0.2408401034090597,0.30301992633313396
2007-10-31,100,99,1,0.3147655274990668,53.418383605386495,0.06280228082405759,0,0.20373676716457595,0.23888235278363784,0.2987799974559479
2007-11-30,100,99,1,0.2959050428371609,54.213974675134,0.06188390906798025,0,0.18403086093753945,0.23084555190204264,0.2906598822408299
2007-12-31,100,99,1,0.2766807740620646,52.565803802296934,0.06493448256993295,0,0.19108751972231272,0.2231993920341072,0.28875851255008134
2008-01-31,100,99,1,0.2686929451518378,53.2208132023853,0.06497044428008558,0,0.18610539936261355,0.2188798079515771,0.287040501123562
2008-02-29,100,99,1,0.21419464720327125,54.135299423484284,0.061698922660250566,0,0.18024058092388284,0.22782892895576107,0.2876507190459947
2008-03-31,100,99,1,0.22224789514004653,51.904800865104235,0.06820800443933583,0,0.19069720460338616,0.23679278230987516,0.2919772604685233
2008-04-30,100,99,1,0.20541700966331525,52.51193394042318,0.06787333369571202,0,0.17924548811493374,0.2092767419829692,0.2780448659475481
2008-05-30,100,99,1,0.1817198345719334,54.474125446404706,0.06438452889192736,0,0.18400061160249634,0.22103157716627025,0.2734725196576513
2008-06-30,100,99,1,0.1642555810313228,53.91511355596423,0.06354081801957245,0,0.18856382201553792,0.228161868215594,0.28362024168019706
2008-07-31,100,99,1,0.13968796943374137,53.064279403735256,0.06963758315902968,0,0.17576023111008582,0.21241494945754658,0.2672053082738787
2008-08-29,100,99,1,0.12448727257581718,53.777910369300976,0.06860160937336945,0,0.16573804618863883,0.19903531562808813,0.27557579115294406
2008-09-30,100,99,1,0.3498442288127274,46.80344411386197,0.08253200113227044,0,0.1623844452848479,0.19290016900206353,0.28520743982851565
2008-10-31,100,99,1,0.5877729581182736,49.009531340073224,0.07517949755801068,0,0.18231158926564042,0.2397520433541352,0.33426372914081454
2008-11-28,100,98,2,0.480344194699926,45.20190228962831,0.08160299229910772,0,0.20167405320004406,0.2503293361930786,0.33485538192937636
2008-12-31,100,98,2,0.4490917839956983,45.9155833062026,0.07996973414558683,0,0.19431561514570192,0.24819583287899463,0.31438538886491
2009-01-30,100,99,1,0.3979510166151044,46.75974531048661,0.07619817812411478,0,0.1928767394156465,0.2403862665191825,0.31970493327022403
2009-02-27,100,99,1,0.3618294567269545,47.14232192748091,0.0766211750521123,0,0.18759121987129826,0.2508610364222154,0.3111410995594049
2009-03-31,100,99,1,0.35141716637260395,49.24454054432043,0.07611528096897713,0,0.18328355520535453,0.22236993430307983,0.2906980323728507
2009-04-30,100,100,0,0.3236096874089847,51.76902412162257,0.07174832956868826,0,0.16274060585139005,0.20861436255932758,0.3032664578445339
2009-05-29,100,100,0,0.3100079706882748,50.53230889923962,0.07438557260394763,0,0.15211615663501618,0.18751849872270598,0.2922052067720413
2009-06-30,100,100,0,0.28766856824410053,50.07171701350264,0.07485405336458262,0,0.14564321896709426,0.1938738143534009,0.28149985401104005
2009-07-31,100,100,0,0.3295719315643764,49.700899947554554,0.07673985300328634,0,0.13882211455275972,0.17928647676964926,0.2746406628418071
2009-08-31,100,100,0,0.3599887877604179,48.2659766741699,0.07821482073005959,0,0.1312498030765167,0.19923161745888873,0.2708381544967002
2009-09-30,100,100,0,0.33476664147882906,48.486354497231126,0.08022083507858957,0,0.1559390729967725,0.18872993946137018,0.2851899879592177
2009-10-30,100,99,1,0.24883336827240424,45.06294400089006,0.0889949599191483,0,0.13795390964306534,0.17335397706541855,0.2637113500985289
2009-11-30,100,99,1,0.21970627599104708,43.173651638823486,0.09230037192136331,0,0.12100997119400649,0.18869399509288876,0.26181558901475216
2009-12-31,100,100,0,0.19508875327369907,43.32174473708545,0.09251791687202826,0,0.11707229403321483,0.16101007529247627,0.25353944023500263
2010-01-29,100,99,1,0.24017473481951063,43.990899496971686,0.08834628871852734,0,0.11573854762376315,0.17897167901260896,0.24808726232968706
2010-02-26,100,98,2,0.24780426515598414,41.46017189950938,0.0928925846707842,0,0.114504901231933,0.16366401223268906,0.24873888714749315
2010-03-31,100,98,2,0.18585082043623005,44.00636059826421,0.0875834863831585,0,0.11505007989639662,0.16359109433993677,0.2977678424235191
2010-04-30,100,98,2,0.2074549622345826,49.08261335684568,0.07767409943796355,0,0.14780282502501485,0.17440382076134592,0.28693054524157086
2010-05-28,100,98,2,0.21117550236538532,54.47585736282115,0.06571918504103891,0,0.1560972456212437,0.21543367267566793,0.3008289848680474
2010-06-30,100,97,3,0.21338446451499823,54.00076410391707,0.06682006868618018,0,0.1427597968106848,0.19170717069691223,0.2878905488037016
2010-07-30,100,98,2,0.2227578719286138,55.07391496192207,0.066183130529755,0,0.1384315501069794,0.1689582889594232,0.2565658586118658
2010-08-31,100,98,2,0.23080357063707135,58.00552891247105,0.05909938085205191,0,0.1395323602270414,0.20683899622545818,0.25503971490224103
2010-09-30,100,98,2,0.23870542287370886,58.167591674719176,0.059166790572555694,0,0.13832080872216035,0.16687764916077485,0.24346802982985435
2010-10-29,100,98,2,0.26270921532776087,58.310749948048645,0.05877633073307553,0,0.16194752538307655,0.19102647597884445,0.2470043586487958
2010-11-30,100,98,2,0.273718140876374,58.318368682502985,0.05808112146114153,0,0.14423041814485626,0.17689295330204566,0.24483295807289668
2010-12-31,100,99,1,0.25040311770596163,57.98983688673805,0.059992743103409074,0,0.145556092219058,0.19049422989253356,0.24101964407853244
2011-01-31,100,99,1,0.2457502847936496,57.098572533201974,0.061515521941952866,0,0.1625563410013829,0.2067054472830712,0.24234227551796733
2011-02-28,100,100,0,0.27748389310421484,58.13566122636105,0.059756691275578144,0,0.16740177145206758,0.20291251333037646,0.2780597444638272
2011-03-31,100,100,0,0.2735856220330934,59.13281669894864,0.05726603987825807,0,0.17278927045598863,0.20301904427685413,0.27625277692416245
2011-04-29,100,100,0,0.29722471772383435,60.27705671485105,0.054678332764703574,0,0.1739012705931869,0.22295202487837187,0.25993002905886914
2011-05-31,100,100,0,0.3051937784260872,61.13277815859491,0.05279447428696438,0,0.17110059408720388,0.20358716506289726,0.2546578168946257
2011-06-30,100,100,0,0.2800210488864119,60.80998279126941,0.05363172194519761,0,0.1720140571014639,0.20488647129669532,0.24522912765210983
2011-07-29,100,100,0,0.2540866832446322,58.084816647628465,0.05810914298473613,0,0.1764456295421807,0.22081146041615216,0.2562081680867936
2011-08-31,100,99,1,0.5632144423574408,58.97774213012007,0.055643382750862225,0,0.17394461188348803,0.21465156982028555,0.2569415835653635
2011-09-30,100,99,1,0.40085023610360626,57.0255027181602,0.05894469658205326,0,0.18402007073608978,0.21434564201941927,0.2722238111455352
2011-10-31,100,99,1,0.32872532419368317,57.3316595851165,0.061198093123915887,0,0.17559809783309083,0.20109609897927477,0.2590718281746801
2011-11-30,100,98,2,0.300556870158452,58.84929202813289,0.05618029954027948,0,0.17278232196330232,0.20219830327735813,0.2566207106053536
2011-12-30,100,99,1,0.2910180701192682,57.74638984717331,0.058497862197082195,0,0.17686813907196186,0.20392012101521428,0.2643706503582819
2012-01-31,100,99,1,0.28224923041226957,57.66207906176476,0.05960024993267288,0,0.17544463405447844,0.21889441761447148,0.2584133598530087
2012-02-29,100,99,1,0.27227350569246245,55.9341426743274,0.06237274894269751,0,0.16616091853688428,0.2233436526494521,0.2622791005561229
2012-03-30,100,99,1,0.2831321250798812,55.28462065172565,0.06253961354651927,0,0.17880213471519305,0.2199206379265401,0.2567211152523138
2012-04-30,100,99,1,0.28133219855129643,55.71726415304956,0.06030622599795199,0,0.1810672740423101,0.22179333624250372,0.2774898757607742
2012-05-31,100,99,1,0.28178729036216627,54.24013333989105,0.06235073408763259,0,0.18642880395251993,0.23129472750934116,0.29243248397130583
2012-06-29,100,99,1,0.2864219085905279,53.641980788334784,0.06495850599826991,0,0.1754004905434929,0.2220276960803346,0.2731702563092268
2012-07-31,100,100,0,0.28182123432940187,53.84901305621099,0.06502630872947146,0,0.1755301999282226,0.22222616019096655,0.2966159673352553
2012-08-31,100,100,0,0.18759323162044111,52.383996197742206,0.068621613600781,0,0.1751093507182076,0.22037952444968215,0.27463872094636144
2012-09-28,100,100,0,0.18535810565001382,50.60874866706478,0.07159270532708661,0,0.1768018111851594,0.23738972959805282,0.27511178086623955
2012-10-31,100,100,0,0.22390102019147204,51.555566047228474,0.06883006970212002,0,0.18762446719200956,0.23726726254525707,0.2826358690465263
2012-11-30,100,99,1,0.22935252088796265,48.885034027031836,0.07095817884381328,0,0.19557350264694928,0.24408263006947012,0.28273058447248484
2012-12-31,100,99,1,0.24364048782938283,47.884217952511015,0.07296714105870206,0,0.19621799707709517,0.24371988590269103,0.2808990338966842
2013-01-31,100,98,2,0.2453912594443968,52.34820902456616,0.06569517949259607,0,0.18311219111621319,0.23158945485273208,0.28014445774504837
2013-02-28,100,97,3,0.24958453486579454,53.08782176411462,0.0638887700330516,0,0.18025244902231724,0.22843106735366156,0.27830015209851766
2013-03-28,100,97,3,0.25226460212261925,54.82460898998849,0.06020882135757544,0,0.17561616177599218,0.2246749197181472,0.2754124027811455
2013-04-30,100,96,4,0.2719481850934752,55.46714752151944,0.05830069758616463,0,0.17293474481591012,0.21940583376568515,0.2726352886422926
2013-05-31,100,99,1,0.27555651341210907,57.43662942371142,0.058732108649742876,0,0.1557086335723574,0.20657680240336543,0.2679010718867018
2013-06-28,100,98,2,0.26415365821541864,61.194244040730155,0.05118775089166161,0,0.15893649211040278,0.19779728601250762,0.2675444374705958
2013-07-31,100,97,3,0.27026699330956644,59.386899756245505,0.05207037647973112,0,0.15245888842567543,0.2032759348284286,0.27020905611263313
2013-08-30,100,97,3,0.254022903699947,57.87635999912571,0.05283361565767852,0,0.16018758861815566,0.20993955631427477,0.275183213442767
2013-09-30,100,98,2,0.27095554548723366,60.92108054763861,0.0489195206613503,0,0.15296313452786475,0.2033520744206175,0.26577469010557253
2013-10-31,100,98,2,0.2414057705252439,61.36711743066214,0.04847626113432513,0,0.16277629589855175,0.20726865145701762,0.26696129543820046
2013-11-29,100,98,2,0.24139795524955346,62.12433895856345,0.04763292137254138,0,0.17127435972108443,0.2041523570487625,0.26223931554731544
2013-12-31,100,98,2,0.23465459650797502,64.11730410485136,0.045476141186301056,0,0.16636864960168937,0.19849529355898515,0.2563356606701666
2014-01-31,100,98,2,0.2305406842427934,66.07321669211193,0.04280401875216966,0,0.1589968570958118,0.19194026942535125,0.24808028194021894
2014-02-28,100,98,2,0.24538535442392584,66.80230103489322,0.041774743273007675,0,0.1576105485540885,0.19211469959163532,0.24707010435944296
2014-03-31,100,98,2,0.2482738955254124,66.47698061921595,0.04232160636196336,0,0.15544943308244186,0.20467229202208193,0.26124594904227677
2014-04-30,100,98,2,0.24517708156953363,67.3273144482086,0.04099668100642939,0,0.14513105728707804,0.19624089360502028,0.25371765155642134
2014-05-30,100,97,3,0.2720400408691453,66.46960737849598,0.04049588447319041,0,0.15712576367487474,0.19724873504144055,0.2516104138454147
2014-06-30,100,98,2,0.29016072326112624,65.87754710603416,0.04204323372017471,0,0.15862198380238074,0.19770156805883518,0.25055793833799633
2014-07-31,100,98,2,0.28563949562425067,64.58931752222342,0.044045611453115585,0,0.1613232585101484,0.20245578435356673,0.251463575799766
2014-08-29,100,98,2,0.30606268875586456,64.182851186756,0.04468335785118138,0,0.1595444997241727,0.20065632674846554,0.2487875503398247
2014-09-30,100,98,2,0.31585918153293674,64.1011736935105,0.044757702155864054,0,0.16115300111068517,0.19757199572973896,0.24900393914029714
2014-10-31,100,98,2,0.29656052058660715,62.98516373692232,0.045799123211266335,0,0.16887935507904406,0.203857730649149,0.2558131271105936
2014-11-28,100,98,2,0.286959314480865,62.410258959413156,0.04580823409482915,0,0.16908331211114766,0.20661222292617334,0.255666281377239
2014-12-31,100,99,1,0.2896204525472125,63.0589451792114,0.04627395402147794,0,0.16390192429070227,0.1994229955836586,0.2494721166811387
2015-01-30,100,99,1,0.27011242706146305,60.65054350093898,0.04800210934724014,0,0.173259313961951,0.208287791547254,0.2578358477135365
2015-02-27,100,99,1,0.25683290585430607,58.51331050878707,0.05146834733696071,0,0.16948444558963882,0.2118630342204365,0.2634483769131193
2015-03-31,100,98,2,0.26287895769897124,58.96699343133253,0.04846087555595402,0,0.1748760167300867,0.20910053609148407,0.2585140626877485
2015-04-30,100,100,0,0.2523472974895448,59.059291231774424,0.05095197424317455,0,0.17997980251632473,0.21686267765287795,0.26479816216032587
2015-05-29,100,100,0,0.24684957252442313,58.161780268877585,0.05066863013680489,0,0.1814242549592208,0.21695684921963246,0.26508635460670193
2015-06-30,100,99,1,0.2460517202263738,58.85704089767352,0.049891100569445124,0,0.17740173410352378,0.2235963528207101,0.2624741007768118
2015-07-31,100,98,2,0.27236677530682507,58.74147250671548,0.0509190194097946,0,0.17324516607364182,0.218044782739471,0.25791132304876807
2015-08-31,100,97,3,0.28136770598914124,56.834223959694,0.052591528190423786,0,0.17830571420975622,0.22309927621504355,0.27815730490557233
2015-09-30,100,98,2,0.2558208686774587,57.04647518076536,0.0533279261387225,0,0.1787976107032106,0.22899943183504107,0.2882543474723147
2015-10-30,100,98,2,0.25836927814569705,55.41093926392561,0.056666566164999765,0,0.18219631687207496,0.23833117885150915,0.2967786056719455
2015-11-30,100,98,2,0.28187629248526186,54.56766645305586,0.05898379457490932,0,0.19974720448690747,0.24164663554604374,0.3120430150612671
2015-12-31,100,98,2,0.2375745420369166,56.76274481891826,0.05670937339651638,0,0.19215683156448873,0.23508371691197907,0.30698619250422854
2016-01-29,100,98,2,0.2424657951384275,55.853031330638736,0.05921435600942704,0,0.19213902425765605,0.23610846733878518,0.31400380346928025
2016-02-29,100,98,2,0.2849146592802239,56.794655002001264,0.057383395978249596,0,0.17820774163888878,0.23805416816350788,0.3094457581283271
2016-03-31,100,98,2,0.3095569576048532,54.97181682530475,0.059970444681215374,0,0.1822519578074551,0.24361016643705574,0.30536706747941006
2016-04-29,100,98,2,0.26025782738709125,58.4334054380418,0.05538415827787124,0,0.16789078946500635,0.2316612425617287,0.29223022334501747
2016-05-31,100,97,3,0.2494899498122333,56.78409082062731,0.05705980863802773,0,0.18471976876032345,0.23599835189241974,0.29767031278315037
2016-06-30,100,98,2,0.23635091484107223,58.53956587686182,0.0552068364611038,0,0.18164520235568382,0.23324346140367208,0.30462514246680394
2016-07-29,100,100,0,0.24699934666791448,57.8560762139972,0.05811517281588474,0,0.18461584095494415,0.22014908553751875,0.2941682992746138
2016-08-31,100,100,0,0.22639206677956167,57.89019228140031,0.05848250421936119,0,0.17899699542532765,0.22980918450674673,0.2873087156771136
2016-09-30,100,99,1,0.22003547605198373,56.55953378639954,0.05852904085520039,0,0.18633197721195438,0.23579894544271088,0.29045560617157007
2016-10-31,100,99,1,0.22786694226851628,56.18987416701973,0.058712238633297775,0,0.18469128964962475,0.23749183141619112,0.295436232361931
2016-11-30,100,99,1,0.21807560560682102,56.65206967695315,0.05964543438356951,0,0.17596550757713533,0.2234941359469734,0.29414085348937624
2016-12-30,100,99,1,0.2115048406919989,56.34214091668113,0.059475937093409814,0,0.17446761382267426,0.22945645563855452,0.3027402048121415
2017-01-31,100,99,1,0.2072853605509183,57.13120391649842,0.05767250380149391,0,0.1683317517518958,0.2292823599221367,0.2943413629230332
2017-02-28,100,99,1,0.2182014595539906,56.937229269438596,0.057266241565714915,0,0.17923298036112026,0.22502426846691959,0.2926274489434448
2017-03-31,100,99,1,0.2258348563436356,56.118082738304054,0.058208213306455536,0,0.1755183143293309,0.23181870676423552,0.2986555889078792
2017-04-28,100,99,1,0.2417889057530673,57.00276262369527,0.05682267581612821,0,0.1734188282557172,0.2315496533499519,0.29894627476983004
2017-05-31,100,99,1,0.26195264575703914,54.45679889123038,0.060829830681111585,0,0.19680274464195335,0.2377747331784914,0.31397062154424915
2017-06-30,100,99,1,0.2478106987833362,53.30535057922276,0.06237391525418989,0,0.19701674585524837,0.24482456852467227,0.3224243040267794
2017-07-31,100,98,2,0.24753218703161378,52.50531485053312,0.06334753804561155,0,0.20431360202745646,0.25056920541799343,0.3254217403946664
2017-08-31,100,97,3,0.25434452303156974,48.17392775755649,0.0700463296246463,0,0.21976268934259488,0.2629874457294792,0.3372574280954669
2017-09-29,100,100,0,0.2662177951070643,48.55866031559113,0.07471000749183843,0,0.21419605542082265,0.26012518645231536,0.3467401086540109
2017-10-31,100,99,1,0.24440516823534444,40.87918897933528,0.09265099169632895,0,0.24988563192653684,0.2939415594444929,0.37792841376778114
2017-11-30,100,99,1,0.24228231817806342,40.00474601499017,0.09507652095736907,0,0.2507775531149667,0.29565321802861755,0.3858096509490357
2017-12-29,100,99,1,0.2482703838581868,39.714797633617394,0.09675578440263399,0,0.2506931534329991,0.2951812975034127,0.3887389042183584
2018-01-31,100,99,1,0.2801775465682224,40.69646271522423,0.09498923869666609,0,0.2641391048091498,0.309564494451107,0.37978514247177947
2018-02-28,100,99,1,0.4308184992954775,45.18728522908061,0.0818538716355004,0,0.2462860424944229,0.287929608487041,0.3565369923339922
2018-03-29,100,99,1,0.3449316616502362,44.898415551448736,0.08290357870552267,0,0.2437774312934852,0.29268664488673185,0.3587293309362944
2018-04-30,100,99,1,0.31964755097832565,42.791025348487445,0.08783624946656865,0,0.2554746716704454,0.3037399947318708,0.3680071757310827
2018-05-31,100,99,1,0.3073135008364013,41.00760963167854,0.09378918134019332,0,0.2631697995102653,0.3118985044176857,0.3773445265698325
2018-06-29,100,98,2,0.30202006344647636,42.002450895185845,0.08869222574186186,0,0.26745351375257825,0.3083519194896009,0.37339958242592985
2018-07-31,100,99,1,0.2826391855746943,41.39286786898828,0.0916079029507536,0,0.2704738678454076,0.3122103259373843,0.3813515860765941
2018-08-31,100,99,1,0.2921746782617931,38.804564395052324,0.09663537628084795,0,0.28349484076120235,0.3354142452475208,0.38882808458888113
2018-09-28,100,100,0,0.28934711394233165,39.731145746150524,0.09430187399382406,0,0.2777362198653676,0.3282158860376425,0.38105810168051685
2018-10-31,100,100,0,0.2464645973131057,39.95993576506439,0.09379112003453038,0,0.2757087018909482,0.3158325465976155,0.3778548671647113
2018-11-30,100,98,2,0.21250989068767423,39.06713916411868,0.09479148786078917,0,0.2656061329293021,0.3154808617247387,0.37222758848352017
2018-12-31,100,98,2,0.2131233840833944,39.08855746606914,0.09442409713444821,0,0.26567821956633386,0.30266351454880597,0.37757230914705775
2019-01-31,100,99,1,0.21037892417061863,37.50514279055664,0.09948785043122366,0,0.2709585104196602,0.325583015572599,0.38725841517460213
2019-02-28,100,99,1,0.2004805041902181,35.94187957940433,0.1052380771857111,0,0.29590485402129657,0.33038116871759937,0.39077765262544795
2019-03-29,100,99,1,0.2167829182490174,33.6702221683008,0.11069399044028638,0,0.3092683855740754,0.3515548692216222,0.3950597571315193
2019-04-30,100,99,1,0.24288646623368979,31.93348130142941,0.11733784100658096,0,0.32146061411125976,0.36239737986745046,0.4122045939382763
2019-05-31,100,99,1,0.23194835321387527,31.913973494851454,0.11693043622781452,0,0.3212730582308976,0.35276950252874556,0.4086292939357619
2019-06-28,100,99,1,0.2278120597700364,30.775933408684637,0.12213651548058357,0,0.32849348642547516,0.3596681524100571,0.4098674683371506
2019-07-31,100,99,1,0.23112393117339297,31.050647627734712,0.12052178396672852,0,0.3283692939324416,0.3582665251963058,0.4105618196926193
2019-08-30,100,98,2,0.21237467723363787,32.25031921972738,0.11409022777374489,0,0.3206531427561655,0.3651336671953341,0.4106721611657949
2019-09-30,100,98,2,0.20780573643899494,32.01061023687517,0.11591302386204339,0,0.32103285508186097,0.36743366852192105,0.41193776078063143
2019-10-31,100,98,2,0.2305245495160873,31.991773193460727,0.1142796816333479,0,0.32096231633070194,0.3682233324035179,0.4022016225530803
2019-11-29,100,98,2,0.25085636583506166,33.37091894498148,0.10847608475543036,0,0.31262914807202746,0.3598020400236315,0.4035370578288855
2019-12-31,100,99,1,0.22641794605889798,32.143231732757954,0.11251503226227522,0,0.3170623926239352,0.36692447416258317,0.40538403125181255
2020-01-31,100,99,1,0.20579733130594188,31.30794941763975,0.1162379115608807,0,0.3205167785306125,0.3728401223506561,0.41346964785917073
2020-02-28,100,98,2,0.2502107024928782,31.79359243033299,0.11215121093901703,0,0.31774609930493597,0.3675161931939075,0.4090370018421039
2020-03-31,100,98,2,1.0,40.74369694926054,0.08168430442409924,0,0.26215352457047536,0.30421682521196625,0.35533684257930787
2020-04-30,100,98,2,0.7604009400931608,38.164734390080525,0.08989240659292042,0,0.27781987332953306,0.3177306987316606,0.3645559448050685
2020-05-29,100,97,3,0.6978160018915109,38.80697133748001,0.08717484643589357,0,0.274228678120803,0.31297345025492695,0.3589005673461272
2020-06-30,100,98,2,0.6942659250408613,35.60576170854447,0.09562856225600047,0,0.2902708242057884,0.32658310696768394,0.3773056685632596
2020-07-31,100,99,1,0.5757701205038285,32.83968898464575,0.10403695982788297,0,0.3082309171269504,0.3432707515768731,0.3913987867826931
2020-08-31,100,99,1,0.5437301005213506,29.88357362026495,0.11484369708672937,0,0.3247836094446125,0.359370414065506,0.40135886905898505
2020-09-30,100,99,1,0.567155323366727,31.096095301080535,0.10980792616007451,0,0.31561890105363494,0.34847750020157947,0.39863403157272026
2020-10-30,100,99,1,0.5608961342460944,30.76896068591899,0.11183581461148895,0,0.32284925548379323,0.3592561550165141,0.4013689222576646
2020-11-30,100,100,0,0.4893185466190852,32.49039250465701,0.10616571824959486,0,0.31004738430820783,0.34548305547169006,0.39005023722430165
2020-12-31,100,100,0,0.5126716032531579,31.632811248833775,0.10700173020858728,0,0.3110861063284782,0.34421162136349265,0.39480138895481737
2021-01-29,100,99,1,0.4703076456970876,30.390808123605964,0.11087394321905353,0,0.2935840468234143,0.34261882505219954,0.3883668068136176
2021-02-26,100,99,1,0.48574542212902594,34.09561873181742,0.10100266515623979,0,0.27057561871608177,0.32365767246787047,0.37055603699386713
2021-03-31,100,99,1,0.163341277675727,30.050644814891758,0.11733196092005549,0,0.2959618581487299,0.3626155151658698,0.39953565904286076
2021-04-30,100,99,1,0.15082843592684347,25.51515694385827,0.1392175644121897,0,0.37249181821386956,0.405165357734322,0.43798766939724576
2021-05-28,100,99,1,0.1804887709883755,25.519770674708898,0.14034571674691354,0,0.3737453741307413,0.4078659389498512,0.44167549049869165
2021-06-30,100,99,1,0.1481594356435141,20.54482131420938,0.17441480028336132,0,0.42037507350525805,0.45648744065517066,0.510191217208326
2021-07-30,100,99,1,0.15937371363110822,20.357594383057496,0.17432114944324328,0,0.4201454947212656,0.459122877710875,0.5109251722108239
2021-08-31,100,98,2,0.1716052770083186,20.35893033274445,0.17518135103497923,0,0.42061534224788255,0.4618209969215757,0.5183508035090973
2021-09-30,100,98,2,0.17347184638752722,22.68668274510867,0.15950781501448474,0,0.39635149723230495,0.4369645832493244,0.49337171920485096
2021-10-29,100,98,2,0.16572297909357156,22.35735352614033,0.16283270697256624,0,0.3965135059346569,0.4362001775994576,0.4985638933768977
2021-11-30,100,98,2,0.13590507038853,20.18943786300488,0.18063279685152134,0,0.3691455156513198,0.4501470385484062,0.5270514541650682
2021-12-31,100,99,1,0.1374477626252779,20.7879372348428,0.18339565479972997,0,0.4146416498332596,0.5042014933087098,0.5566803422183342
2022-01-31,100,99,1,0.12608468762529726,20.0066550035289,0.18785298809206086,0,0.42115031188261803,0.4910663439873162,0.5597506974508745
2022-02-28,100,100,0,0.13148175177229693,20.69203502106764,0.1868522898879541,0,0.41972792320105257,0.48751335583192507,0.5554733418496334
2022-03-31,100,100,0,0.13935433128471134,20.800394530530507,0.18765364317942335,0,0.42079946008108166,0.5146421133624656,0.5608938090987914
2022-04-29,100,100,0,0.14118777331571317,21.776181319327456,0.1746100934711663,0,0.40991055172809054,0.4876498610213182,0.5388235303937727
2022-05-31,100,100,0,0.14169355104675785,23.070971299687464,0.16507628923998585,0,0.39459276348464967,0.47177930632414616,0.5213265348203137
2022-06-30,100,100,0,0.12941194944826034,22.94084074957285,0.16474864476113282,0,0.39899508808690726,0.44243349431725926,0.5224211132120463
2022-07-29,100,100,0,0.12084269224827052,20.670861498907886,0.1839602895489273,0,0.4296738587167952,0.47850697762101985,0.5169262969147369
2022-08-31,100,100,0,0.11796551185245577,21.286811142895555,0.17605013136207892,0,0.4223687344088342,0.47048186104208595,0.5190468889253407
2022-09-30,100,100,0,0.11987312306376993,21.760922805535987,0.17153216912500602,0,0.4205856743964107,0.4688575509146837,0.5085474384421882
2022-10-31,100,100,0,0.1187302071764834,23.274474295311226,0.15450349399649077,0,0.39169910999488566,0.43805274291956936,0.4642341616181453
2022-11-30,100,100,0,0.1198074005004548,24.608342690685856,0.14713020545906053,0,0.37252388468688363,0.41823928097339835,0.44304327544595395
2022-12-30,100,100,0,0.12073965426687391,26.24899678969713,0.13534891356554812,0,0.3484740480614385,0.3932166259862139,0.44703163524253614
2023-01-31,100,100,0,0.12096269332646568,25.308314249544463,0.14624715456032333,0,0.3544690456793997,0.37156479938829284,0.41009823475770224
2023-02-28,100,100,0,0.1269357445199382,24.058263439617708,0.153456596407896,0,0.3517184459058141,0.4524064606054158,0.4791497340734279
2023-03-31,100,100,0,0.1448954583819163,22.309519807690855,0.16599250742883886,0,0.4065442660417383,0.4721143604155161,0.5056595075343272
2023-04-28,100,100,0,0.1586649524305146,21.804703446142696,0.16733208878839811,0,0.3993465956669286,0.4682741007926148,0.52786911229288
2023-05-31,100,100,0,0.18097814959778755,20.3132784113745,0.1863504607166825,0,0.42468014408925864,0.5002244627707562,0.5606811757212316
2023-06-30,100,100,0,0.17800991949090914,19.50318214497794,0.1944742137866483,0,0.4312552659873379,0.5161717241488161,0.5738101375491478
2023-07-31,100,100,0,0.19464736584456463,19.862606410183904,0.1934308384665897,0,0.44317995734294163,0.5141842607486419,0.5742454818705186
2023-08-31,100,100,0,0.20401867754021388,19.894111554098917,0.19454708878992977,0,0.44531125001887106,0.5191456247002172,0.5763773949004779
2023-09-29,100,100,0,0.19523107346545115,19.703463780145032,0.1979254197960243,0,0.4302852172399648,0.5229987142773935,0.5839577853956324
2023-10-31,100,100,0,0.18203639090772988,18.437779724624242,0.21193623078764978,0,0.4604950707395806,0.5392459761215604,0.5983219835720736
2023-11-30,100,99,1,0.16512619232789907,18.434231827718936,0.21339829979983516,0,0.44752775036827674,0.5302526958353594,0.602900838871519
2023-12-29,100,99,1,0.17113796115499028,19.5658804627743,0.20585649016850238,0,0.4311936087890745,0.5286771731276219,0.5899381241579297
2024-01-31,100,97,3,0.1714620678394453,18.289679760876083,0.21612153879985851,0,0.4552139109470691,0.5323567146220411,0.6228455947840805
2024-02-29,100,98,2,0.1758138846149293,16.84516405784706,0.22947249857940655,0,0.49178168282533063,0.5568764485352644,0.6373526517315923
2024-03-28,100,98,2,0.16722097308555306,15.228075605113428,0.24338025242433192,0,0.507714517320927,0.5739871489272715,0.6524139490729736
2024-04-30,100,99,1,0.15803913895561847,14.82529205992319,0.24991061377068624,0,0.500898031137998,0.5796351716626579,0.6405099478539955
2024-05-31,100,98,2,0.16487766340317966,13.429929298337216,0.26458198472100836,0,0.5129457940079092,0.6041498930476537,0.6817155271492685
2024-06-28,100,99,1,0.1713764954628612,12.255265012990101,0.28288944807366123,1,0.5428795365161985,0.6172893208770762,0.6790461997314494
2024-07-31,100,98,2,0.14257943438278467,12.301957277362469,0.2849769051170774,0,0.5363086528318061,0.6070296497224278,0.7062662458575665
2024-08-30,100,97,3,0.14333915030567773,12.415020623886846,0.27742138960289053,0,0.5295905613356507,0.5932433987061105,0.6985226157732403
2024-09-30,100,98,2,0.13341143337208192,12.016689060430998,0.28880443958377466,2,0.5318833418096229,0.5858818676203812,0.7100034977643105
2024-10-31,100,98,2,0.1489325959521078,10.502911612023436,0.30698835436258165,3,0.553522920342053,0.6114907111286716,0.7238791120316173
2024-11-29,100,98,2,0.16407739313861563,10.881376863249997,0.30257127214230495,6,0.5400440920583557,0.5942510057543364,0.7171191699819375
2024-12-31,100,98,2,0.1549937650271401,11.754636581701488,0.3038243920377868,5,0.5161430788682985,0.623675850325769,0.7351315068013005
2025-01-31,100,96,4,0.15695872355593363,12.70673334970057,0.2922743270662299,6,0.5034634770803231,0.6162991271134293,0.7273389950734904
2025-02-28,100,96,4,0.14899673148631934,12.13055098192813,0.28838629040880825,7,0.5152221105155697,0.6054718279672784,0.7023397939424514
2025-03-31,100,98,2,0.14130938731480683,13.641656854861887,0.27189589856072305,7,0.49549628913702254,0.5554464226744829,0.6893666231732698
2025-04-30,100,98,2,0.27877018678363286,16.604928019962102,0.23171601905593464,0,0.45589216183233194,0.5068783226027699,0.6394381661244156
2025-05-30,100,97,3,0.24289155037604682,14.688667279798926,0.2555467748476403,0,0.4751807941788181,0.5608380356873944,0.6665723914555733
2025-06-30,100,99,1,0.2403810722947796,14.650668402272043,0.24805918233050628,0,0.4726764383253348,0.5908076715657736,0.6483193722309385
2025-07-31,100,99,1,0.2681405617483179,13.893172661240795,0.24983111299003902,0,0.47929348357741003,0.5653487686652422,0.6550410852748453
2025-08-29,100,99,1,0.29320969992520796,15.215664220096102,0.2385680518321821,0,0.46490403998336777,0.5526262326124418,0.6492596823401223
2025-09-30,100,100,0,0.33381283727620764,15.71358338926586,0.24024226229676504,0,0.44124031957963655,0.5302892317298059,0.6443105475350651
2025-10-31,100,99,1,0.3175209348279217,15.223197395803256,0.24645321609596949,0,0.469825794272735,0.5741125161075397,0.6523230160279075
2025-11-28,100,98,2,0.2922000959187818,16.437828096502997,0.23901699362795992,0,0.4610253324089017,0.5662481275022103,0.6545891513412084
2025-12-31,100,99,1,0.2927900329155979,16.14558240958234,0.23795090947224506,0,0.4254512298734794,0.5201878922938135,0.6469824014535925
2026-01-30,100,99,1,0.30511175328125417,17.371070233917592,0.22668502450153138,0,0.4119605093484685,0.5047399626603155,0.6327359689841405
2026-02-27,100,99,1,0.2974306957331119,17.864016101206868,0.220374384627108,0,0.40586581289939694,0.5092288049403361,0.6159005996876624
2026-03-31,100,99,1,0.3023204968030241,17.902924289491978,0.2188371280161826,0,0.41038395631473035,0.5060495221579379,0.6112475471304
2026-04-30,100,99,1,0.15563908541429566,16.079238925464576,0.26265753598188024,10,0.4255063630942486,0.5535771706890873,0.6502365434083505
2026-05-29,100,97,3,0.129724378407677,16.322954801947265,0.26413920426344595,15,0.396564777745815,0.5213084932999241,0.6109591795308569
2026-06-30,100,97,3,0.1047740424637602,17.240780437892585,0.2557422780684263,16,0.35691476736575684,0.4674896407850746,0.6293390970392967
2026-07-30,100,96,4,0.07746185095229315,16.05875997826326,0.25867782523724847,19,0.41372075411303244,0.5327159509668894,0.6702834180452788
